{
  "version": "6.0",
  "nxVersion": "18.3.4",
  "deps": {
    "@azure/app-configuration": "^1.6.0",
    "@types/express": "^4.17.21",
    "express": "^4.19.2",
    "pg": "^8.11.5",
    "@types/pg": "^8.11.5",
    "ts-node": "^10.9.2",
    "typescript": "^5.4.5",
    "nx": "18.3.4"
  },
  "pathMappings": {},
  "nxJsonPlugins": [],
  "fileMap": {
    "nonProjectFiles": [],
    "projectFileMap": {
      "repositories": [
        {
          "file": "appconfig.ts",
          "hash": "16389327550647963222"
        },
        {
          "file": "database.ts",
          "hash": "18228380117381161680"
        },
        {
          "file": "dist/appconfig.js",
          "hash": "10155968796842149387"
        },
        {
          "file": "dist/appconfig.js.map",
          "hash": "13359437890905091846"
        },
        {
          "file": "dist/database.js",
          "hash": "3868494170028484643"
        },
        {
          "file": "dist/database.js.map",
          "hash": "15968358777155993432"
        },
        {
          "file": "dist/index.js",
          "hash": "10331376725601538586"
        },
        {
          "file": "dist/index.js.map",
          "hash": "16704066062188039989"
        },
        {
          "file": "dist/timer.js",
          "hash": "1596101580755820921"
        },
        {
          "file": "dist/timer.js.map",
          "hash": "4812884144486593506"
        },
        {
          "file": "index.ts",
          "hash": "9266235801565238064"
        },
        {
          "file": "nx.json",
          "hash": "13167373076889474133"
        },
        {
          "file": "package-lock.json",
          "hash": "16650874670522649574"
        },
        {
          "file": "package.json",
          "hash": "1999356715761280891",
          "deps": [
            "npm:@azure/app-configuration",
            "npm:@types/express",
            "npm:express",
            "npm:pg",
            "npm:@types/pg",
            "npm:ts-node",
            "npm:typescript"
          ]
        },
        {
          "file": "timer.ts",
          "hash": "12559814023875775523"
        },
        {
          "file": "tsconfig.json",
          "hash": "2252756499855054037"
        },
        {
          "file": "urlFetcher.ts",
          "hash": "10589142283031406641"
        },
        {
          "file": ".nx/cache/file-map.json",
          "hash": "11376798864527297045"
        },
        {
          "file": ".nx/cache/lockfile.hash",
          "hash": "17816486238533090955"
        },
        {
          "file": ".nx/cache/project-graph.json",
          "hash": "13466633657137329504"
        },
        {
          "file": ".nx/cache/d/daemon.log",
          "hash": "13854159695068313597"
        },
        {
          "file": ".nx/cache/parsed-lock-file.json",
          "hash": "2191267588680197786"
        },
        {
          "file": ".nx/cache/file-map.json~5a223d5a",
          "hash": "10760685272989261198"
        },
        {
          "file": ".nx/cache/file-map.json~0926a7e2",
          "hash": "193614941016543596"
        },
        {
          "file": ".nx/cache/project-graph.json~9123156c",
          "hash": "13466633657137329504"
        },
        {
          "file": ".nx/cache/file-map.json~428078f1",
          "hash": "9508411816222934705"
        },
        {
          "file": ".nx/cache/project-graph.json~2440600d",
          "hash": "13466633657137329504"
        },
        {
          "file": ".nx/cache/project-graph.json~6bd91409",
          "hash": "13466633657137329504"
        },
        {
          "file": ".nx/cache/file-map.json~06f712c5",
          "hash": "10587745008110603407"
        }
      ]
    }
  }
}
